{
  "name": "I2C-Sensor-Lib iLib",
  "version": "0.8.4",
  "frameworks": "Arduino",
  "keywords": "TCS3772, light, RGB, SI7021, humidity, MPU9250, 9DOF, acceleration, gyro, magnetic, MPL3115A2, pressure, MAX44009, lux, PCF2127, Realtime-Clock, RTC, BMP280, L3G, MAG3110, Compass, MMA8451, FAN5421, Li-ion, Charger, LPS331, MAX17047, Gauge",
  "description": "Library for various sensors and some atmel-specific functions. The sensors can be used with an uniform interface and come with arduino-examples",
  "authors": [{
    "name": "Ingmar Splitt",
    "email": "orgua@gmx.de",
    "url": "https://github.com/orgua",
    "maintainer": true
  }],
  "repository": {
    "type": "git",
    "url": "https://github.com/orgua/iLib"
  }
}
